Variant,Class,sweat_chloride,pi_percent,fev1_percent,molecular_score,FINAL_PRED_MS,GFI,STABILIZED_GFI,RFS_V3
c.488delA,I,112,71,67.5,,0.1,86.6128869239168,81.01491558733449,6.428361470888505
1119delA,I,104,100,60.5,,0.1,94.55888663968966,86.124422378314,4.725192540562001
663delT,I,98,94,80.5,,1.639630319330287,66.7212035803171,81.89909664425255,7.673264771246103
R560K,IV,106,95,92.5,,0.1,62.89229518555408,67.53249667871188,10.97250110709604
1471delA,I,99,88,68.5,,0.3667190679711183,73.16507431561227,82.76897939189378,6.110392604006525
S912X,I,103,93,70.0,,0.1,66.09324926872453,83.67744539606484,5.540851534645053
5T;TG13,V,63,11,86.0,,16.600172095342728,12.875422995848428,38.1072893317542,45.531161699096025
3905insT,I,98,89,66.0,,1.1346584418292949,70.57622306718517,83.16745765341706,6.745505890690275
I1366N,IV,86,10,67.5,,1.159442757609213,30.274434371733072,50.70585880578913,18.17054453448411
L1335P,II,88,70,62.5,2.43397,2.43397,64.36244387141713,78.99914763457195,19.170134121809348
D443Y,IV,52,11,81.5,,23.9365670772804,14.293168542497307,31.98157537073857,58.57765882567441
G1249R,III,87,71,67.5,,6.6531546647633775,66.03968651923147,72.2418840917058,42.51847862658162
711+5G->A,I,92,75,62.0,,3.7224071749743217,65.56722327813749,80.67556321626574,10.16388610288574
CFTRdele10,I,102,100,67.5,,0.1,71.84812112314293,84.99256946663331,5.102476844455562
L227R,II,100,96,70.0,,0.5077290736147475,72.67946387604803,83.87348575745384,7.914150115589126
K710X,I,98,86,66.5,,0.8316753153286953,68.6368803911036,82.63224953870608,6.620925469093336
406-1G->A,I,95,83,58.5,,2.5295271839020046,71.80243461135161,82.91280338461004,8.22525938903199
V456F,IV,101,80,67.5,,0.1,72.2821829915154,68.33758958348682,10.704136805504394
R75X,I,99,88,53.0,,0.3667190679711183,76.78871209289481,84.93897939189378,5.387059270673191
S1255P,IV,85,73,75.5,0.8,0.8,55.12409218953831,63.459397466101905,13.3802008446327
R1066C,IV,99,88,63.0,0.1,0.1,71.3023842136769,70.03897939189378,10.137006869368742
2711delT,I,102,93,60.0,,0.1,78.268254932788,84.99867211372766,5.1004426287574445
W1282X,I,96,84,66.5,,1.9635765610442348,68.75076460911562,82.08224943983855,7.936160081098052
3849+4A->G,V,79,28,80.0,,7.645956505118583,37.64089382079588,52.06156755269604,27.44841224011253
183delC,I,97,50,67.5,,0.1,68.88828755191042,76.16209271532111,8.045969094892964
S492F,IV,80,42,62.5,0.1,0.1,48.47669037062877,58.01704654174424,14.144317819418585
R117H,IV,58,24,76.5,,21.247823968635167,22.473464837718016,40.18889697269003,51.80877029538941
R334Q,IV,49,14,67.5,,26.240385198854913,15.328898629143312,33.31593110663238,61.588600762738245
1898+3A->G,V,92,41,67.5,,0.2885984079675552,54.36439777671038,60.139125187002364,13.719855882950545
2183AA->G,I,99,88,64.5,,0.3667190679711183,70.7316018932033,83.32897939189377,5.923725937339863
G194V,IV,67,33,82.5,,16.154268362915225,29.02286379169438,47.09546731119187,41.86624677397555
S549N,III,94,79,71.0,1.6,1.6,61.05210549174404,74.3819590649284,16.5393469783572
4218insT,I,92,88,67.5,,5.035334056476913,56.48406879954546,81.98074462360968,11.041752515273686
365-366insT,I,95,87,77.0,,2.933504685902804,63.897485318940674,80.95033007367218,9.283394661345412
G550X,I,96,100,59.0,,3.5794865690474182,84.55904175144265,85.56573920346099,8.390906834560422
3120G->A,I,90,59,65.5,,3.4403871636870775,57.43949342956326,77.06166599142806,11.086498499877724
2184insA,I,100,81,60.0,,0.1,72.58482913058494,82.95650112196145,5.781166292679516
1609delCA,I,104,80,70.5,,0.1,62.94126082704729,81.65431902760224,6.215226990799253
G149R,IV,93,100,67.5,,5.580321564121334,65.88950342884014,70.45184687938463,18.219866719720457
G673X,I,103,73,67.5,,0.1,66.62438616995686,80.85563225876909,6.481455913743636
3132delTG,I,97,95,59.0,,2.4075696931884494,68.890037593094,84.94559398175133,7.4257050326046725
Q353X,I,122,86,67.5,,0.1,73.66377571153141,83.71089260931656,5.529702463561146
R560S,II,98,89,67.5,,1.1346584418292949,68.52210626783459,82.95745765341707,11.354139658007451
F1074L,II,53,25,86.0,8.002617,8.002617,12.109709691569554,49.57598938150818,56.82108853949728
3271delGG,I,92,83,67.5,,4.5303621789759205,61.15041963171045,81.19815234411624,10.797644730937176
G646X,I,98,89,67.5,,1.1346584418292949,85.13545243125665,82.95745765341707,6.815505890690273
G330X,I,101,92,48.0,,0.1,83.03978905347051,86.44213880294572,4.61928706568476
2721del11,I,95,94,60.5,,3.640465314404196,77.8832106763382,84.33139698314818,8.863332986688135
F575Y,IV,57,43,67.5,,23.83366210149692,34.731385400129575,45.184486041466116,54.02233113842334
P67L,II,60,34,72.5,7.8,7.8,31.74329509123361,57.92488367355416,53.025038775481946
3130delA,I,92,81,67.5,,4.328373427975521,60.05029100682251,80.87985880875138,10.701753825058393
3876delA,I,96,88,62.0,,2.3675540630450342,71.77336813298612,83.33684640837885,7.921938593585419
3171delC,I,100,100,67.5,,0.9117065756155398,68.90879742518739,84.81627973190191,5.972946664981568
124del23bp,I,113,81,62.5,,0.1,87.12968206790602,83.39282810681976,5.635723964393412
2896insAG,I,95,91,65.5,,3.3374821879036034,75.71485551771278,83.1764167211303,8.945343280860172
306delTAGA,I,95,100,57.0,,4.246431567405395,79.94430886872034,85.71428845918564,9.008335414343517
V520F,II,100,88,66.5,0.2,0.2,71.19299823507012,83.14738693681977,6.617537687726743
1716+1G->A,I,89,54,67.5,,3.602360284544055,45.38790590842063,75.65924911000116,11.71594391454367
3129del4,I,126,100,67.5,,0.1,100.0,85.8904011759958,4.803199608001398
4374+1G->T,I,100,94,62.0,,0.3057403226143478,73.83239590495158,84.69338825586445,5.407944237326198
1288insTA,I,90,75,57.0,,5.056297171690261,68.18939902965715,81.01598585801536,11.384301885685144
Q359K/T360K,IV,99,81,67.0,,0.1,65.4354030123472,68.37809357703547,10.69063547432151
4374+1G->A,I,106,92,67.5,,0.1,72.73292022795148,84.07946937406084,5.406843541979721
2634insT,I,93,100,67.5,,5.580321564121334,75.97617788520353,83.95184687938463,10.92970593765979
S1118F,IV,68,7,67.5,,12.86146960155208,26.20034671060816,42.14322959559108,38.5777945371311
Q1291R,III,49,20,79.0,62.3093,62.3093,11.978840512564831,41.00300433526043,331.2121652215798
3143del9,I,93,27,80.5,0.972617,0.972617,40.763599491869,68.80007671405684,11.372591428647718
CFTRdele20,I,100,100,67.5,,0.9117065756155398,70.98546569561515,84.81627973190191,5.972946664981568
4005+2T->C,I,84,40,72.5,,5.523164019331119,44.50554540890469,70.96081973883963,15.202890773051243
557delT,I,105,83,75.0,,0.1,72.50710828575949,81.57070962775313,6.243096790748956
1811+1643G->T,V,101,98,59.0,,0.1,82.05554894606945,72.3025058246686,9.382498058443801
3821delT,I,97,87,61.0,,1.5996146891868577,69.85959584560223,83.4441624228397,7.118227214906959
1811+1634A->G,V,93,83,63.5,,3.863417180617944,67.158281109001,68.42036180480905,16.321671835990564
A559T,II,100,91,66.5,0.1,0.1,73.1398580681774,83.60840799384658,5.963864002051139
2790-1G->C,I,87,93,67.5,,8.875030925767753,62.41775591690293,81.7489884261595,14.958701450381252
1833delT,I,95,86,53.5,,2.832510310402604,80.2007945812603,84.0845498776017,8.137660351202037
1078delT,I,97,91,67.5,,2.00359219118765,71.56424234516179,83.1502490702978,7.620175834421715
M1101K,II,102,67,64.5,0.1,0.1,67.89090686755647,80.17943054616424,7.10685648461192
CFTRdele9,I,104,100,67.5,,0.1,90.51079029719436,85.14442237831398,5.0518592072286745
"CFTRdele14b,15",I,96,100,67.5,,3.5794865690474182,87.0601685870832,84.375739203461,8.787573501227087
Q1382X,I,96,100,67.5,,3.5794865690474182,66.29348588280564,84.375739203461,8.787573501227087
1525-2A->G,I,94,92,62.0,,4.105421561761773,70.14430099748029,83.67763668144408,9.546209334613746
541del4,I,106,88,67.5,,0.1,70.5326629781756,83.46613071023154,5.611289763256154
1824delA,I,102,100,67.5,,0.1,76.89145835132463,84.99256946663331,5.102476844455562
S466X,I,103,93,71.0,,0.1,72.04162149828387,83.53744539606484,5.5875182013117195
3359delCT,I,86,83,67.5,,8.532032169123738,48.7724457885391,79.96025197401507,15.211948177785384
1924del7,I,116,100,67.5,,0.1,79.07337669893901,85.69699820086194,4.867667266379352
3849+10kbC->T,V,65,31,65.5,,17.286169608630765,41.93450808494896,47.82207765160815,43.32189519574343
Y563D,IV,88,100,67.5,,8.915046555911175,76.1928744825872,69.51921043611317,23.532833021829042
R258G,IV,57,33,67.5,,22.82371834649493,23.5940712559574,43.01623234040595,53.23016673960707
1341+1G->A,I,99,76,55.5,,0.1,71.70886060757277,82.67828829939069,5.873903900203104
R334W,IV,96,40,68.5,1.3,1.3,52.884676571394905,60.37419828135168,15.158600572882772
E379X,I,88,90,75.5,,7.905102800909191,55.38582729023869,80.39835007342262,14.438986109768319
1898+1G->C,I,104,88,60.0,,0.1,74.89725431921896,84.38552958323183,5.304823472256056
405+1G->A,I,95,84,63.5,,2.6305215594022044,66.1976656827696,82.37079869556318,8.506921994214476
"CFTRdele22,23",I,95,86,56.0,,2.832510310402604,72.2283741804533,83.7345498776017,8.254327017868707
2522insC,I,92,83,67.5,,4.5303621789759205,66.19375685989215,81.19815234411624,10.797644730937176
L165S,II,89,52,71.0,,3.4003715335436553,60.953743546134845,74.79023845917861,25.405111514658742
R1066H,IV,81,34,69.0,1.5,1.5,44.60522662617539,55.7163764036624,17.01120786544587
3199del6,I,97,90,64.0,,1.9025978156874572,72.44489241241469,83.4872604456626,7.406844333799924
D110E,IV,69,8,99.0,19.8979,19.8979,5.405302446282417,38.71006769983443,50.27682743338852
P750L,II,43,31,67.5,,31.958959572506117,17.04868842992574,48.6169858800148,176.92246923585898
663insT,I,101,100,67.5,,0.2447615772575631,68.15345755584971,84.90769293419858,5.27553059919137
4015delA,I,107,76,58.0,,0.1,75.79040189436337,82.94366689333641,5.785444368887862
I502T,II,94,45,73.5,,0.1,51.287511527039534,73.9369641588971,9.187678613700967
Y849X,I,88,60,63.5,,4.875271535903217,57.39350058215192,77.11174754515008,12.504689020853188
A561E,II,100,83,61.0,0.1,0.1,74.5899927568505,83.13479465732632,6.121735114224559
G103X,I,96,67,67.5,,0.24667217754085158,54.9647021749887,79.14260028299194,7.199138749876873
L138ins,I,90,42,71.0,5.42,5.42,44.017752304443285,72.99852747046705,14.42049084317765
2143delT,I,98,92,65.0,,1.4376415683298944,69.54137962848708,83.76643398903715,6.8488302386508435
3500-2A->G,I,97,88,89.0,,1.7006090646870575,56.59060995426811,79.679228013271,8.474199726930056
G27R,IV,97,83,67.5,,1.1956371871860654,83.1837402174813,68.40663573377756,12.324577202853243
Q237E,IV,66,0,67.5,,13.488398969766628,25.04724384527732,36.009058055231336,41.5629124362395
394delTT,I,100,93,68.5,,0.20474594711414795,69.82005188453736,83.63238237899628,5.66061848744872
2954delT,I,93,100,67.5,,5.580321564121334,77.1628454683051,83.95184687938463,10.92970593765979
H1375P,IV,87,47,80.5,,4.229289652758602,34.93690846094613,58.547769002986534,20.161344811475725
621+3A->G,I,47,18,83.5,,27.978252697571648,10.973711560706846,44.792705359874276,46.38068424428022
1343delG,I,87,67,67.5,,6.249177162762578,63.83942926945559,77.55974685859607,13.729261543230553
G1349D,III,108,65,70.5,,0.1,62.34894491095119,73.38689114815294,9.371036283949019
1949del84,I,103,85,57.0,,0.1,72.7706307259688,84.2650977049422,5.344967431685931
L15P,IV,105,17,67.5,,0.1,52.11011868094282,55.67346243332715,14.925512522224283
E60X,I,101,93,65.0,,0.1,73.46209535265048,84.21379558129294,5.362068139569019
Q1035X,I,110,100,61.5,,0.1,86.77854588418569,86.32343438619411,4.658855204601964
CFTRdele4-11,I,92,93,72.0,,5.540305933977905,67.01538406515711,82.11574006578618,11.501725912049178
C524X,I,99,84,82.5,,0.1,55.748618882236336,80.1843824233535,6.7052058588821675
3878delG,I,99,76,72.5,,0.1,67.21777361404126,80.29828829939068,6.667237233536441
F311L,IV,82,45,67.5,7.644807,7.644807,56.40471442970285,58.599877642456576,25.267251285847806
I618T,IV,74,35,93.0,,11.68764212540983,18.4668019217002,49.780536372120565,34.27128439740789
Q2X,I,94,75,67.5,,2.3885171782583825,65.02923295407132,80.21911661027087,8.982144974834757
V1153E,IV,41,25,67.5,,32.68688331622086,22.082320896771336,32.86728226170831,71.40789755376184
M1T,I,98,92,67.5,,1.4376415683298944,63.64562749810785,83.41643398903716,6.965496905317508
602del14,I,108,100,67.5,,0.1,83.63276117476349,85.38719756885524,4.970934143714919
306insA,I,106,100,73.0,,0.1,67.42611589419826,84.50502350531372,5.264992164895427
2183delAA,I,90,87,67.5,,6.268229677692652,61.30135387085696,81.46610167492798,12.44619578604999
E585X,I,100,89,60.5,,0.1,74.91619251673467,84.14174926502895,5.386083578323683
L346P,II,81,50,67.5,,8.53394276940702,67.920382047196,72.76546463707619,51.747892301343036
W57X,I,104,100,70.5,,0.1,83.43588774073926,84.72442237831399,5.19185920722867
R785X,I,100,93,72.0,,0.20474594711414795,67.20266992173892,83.14238237899627,5.823951820782057
Q1291H,III,64,27,81.5,,17.549137104987942,28.566797002542938,51.50694377735781,103.91003759915378
CFTRdele2,I,99,82,66.5,,0.1,66.57128395931622,82.10762851834252,6.064123827219158
G126D,II,83,26,103.5,,4.776187760686305,13.4026962902643,63.11106034253145,36.17725202258771
444delA,I,112,93,63.0,,0.1,77.87996468017501,85.1520199217882,5.049326692737268
CFTRdele19-21,I,109,80,67.5,,0.1,77.80947297205431,82.36706148539017,5.977646171536611
R117C,IV,63,17,75.0,2.9,2.9,21.647102435678697,41.592247682915,23.819250772361663
2789+5G->A,I,94,41,71.5,,0.1,47.87051806605916,73.39267858100749,8.969107139664171
R764X,I,97,85,68.0,,1.397625938186458,67.97470673174831,82.1518757643249,7.347000683411491
D192G,IV,76,60,69.0,,12.878611516198866,49.63025468228968,59.019705066364956,32.97801558550998
Y563N,IV,96,85,70.5,1.85779,1.85779,65.5042965326853,68.17949415943274,13.393520280189088
3007delG,I,98,94,69.5,,1.639630319330287,71.30249645815736,83.43909664425254,7.159931437912772
4016insT,I,95,79,64.5,,2.1255496819012123,66.13238049657976,81.43305671141707,8.314530778095524
3600+2insT,I,99,91,81.5,,0.6697021944717108,61.66070302572042,81.41000044892058,6.866368711498183
S912L,IV,66,43,67.5,,17.831157116275186,35.943332762026074,50.77452404861403,43.155227658208105
D1152H,IV,45,25,76.5,57.4,57.4,17.71293576700676,33.24571372015846,108.35142875994717
2347delG,I,104,86,59.5,,0.1,75.27294301618225,84.14468379673005,5.385105401089983
R792X,I,96,91,74.0,,2.6705371895456267,62.92396459102135,82.11786746540565,8.631248034410408
CFTRdele1,I,110,83,77.5,,0.1,60.757988538264094,81.49194931161853,6.269350229460491
CFTRdele18-20,I,93,100,67.5,,5.580321564121334,63.51616826263699,83.95184687938463,10.92970593765979
Y1032C,IV,57,21,93.0,,21.611785840492544,7.290000058578559,36.4540265062125,53.59966992533465
2118del4,I,103,47,66.0,,0.1,63.276837719026034,76.35622597289188,7.981258009036041
P574H,IV,78,38,76.5,,9.322845258478544,35.53758363368213,54.466283245055656,29.162173472699266
R352Q,IV,80,35,70.5,2.7,2.7,42.66984642550489,55.38847093569732,18.920509688100893
I601F,II,70,67,67.5,,17.587242134848076,47.606851262207584,71.05105723505073,97.58585826255681
R347H,IV,63,23,72.5,5.3,5.3,26.68990389986623,43.6248291910875,26.741723602970833
175delC,I,98,78,75.0,,0.1,52.49748172997349,80.16881004029236,6.710396653235881
L467P,II,101,96,63.0,0.1,0.1,76.56555414075645,84.9448989597505,5.518367013416499
4382delA,I,102,39,71.5,,0.1,52.89101321326092,73.8578787139922,8.814040428669264
L1065P,II,97,57,65.5,0.1,0.1,56.09532294749325,77.76414189473078,7.911952701756405
R352W,IV,63,13,67.5,,16.802160846343128,35.94743399393893,41.38428979222209,44.741811338774
H139R,IV,99,30,70.5,,0.1,52.268087965654544,58.19490987031593,14.085030043228024
406-2A->G,I,106,100,67.5,,0.1,73.57343197819851,85.2750235053137,5.008325498228767
S549R,III,101,87,77.0,0.1,0.1,61.14544747756695,75.61373454868512,8.628755150438295
2603delT,I,106,100,67.0,,0.1,73.86258171694817,85.34502350531369,4.984992164895436
H199Y,IV,95,81,61.0,,2.327538432901612,69.84989108426613,68.74450984924518,13.909804366270693
R516G,IV,99,56,57.0,,0.1,63.40012789174912,65.48917871319568,11.653607095601439
Q1281X,I,117,67,67.5,,0.1,72.92259103729226,80.49071834730157,6.603093884232811
W1282X;R1283M,,109,100,67.5,,0.1,70.41741168285928,79.43716483610191,6.954278387966029
1259insA,I,97,74,63.5,,0.2866878076842738,66.306348318264,81.00867663446316,6.617128929529888
M952T,II,58,36,67.5,,22.459756474637558,27.752260177480963,57.81502377277696,126.36044111559548
R560T,II,101,92,63.0,,0.1,75.55196447408214,84.34213880294571,5.719287065684763
1548delG,I,99,92,53.5,,0.7706965699719177,80.183154082798,85.48231805572307,5.609923884730894
1249-1G->A,I,95,93,77.0,,3.539470938903996,60.37453259077044,81.87039110628,9.582673903477332
R1102X,I,100,92,85.5,,0.1037515716139552,59.142229558829385,81.10072560064906,6.403509704730936
E831X,I,79,29,78.5,,7.746950880618783,28.37839910157467,66.0144476163403,19.07546834183868
p.S1347PfsX13,I,93,100,67.5,,5.580321564121334,61.14283309643383,83.95184687938463,10.92970593765979
G551S,III,73,44,71.0,,13.263536503269592,40.15864496154818,61.804322922196306,79.04957487561586
"CFTRdele17b,18",I,106,89,67.5,,0.1,67.52272454131484,83.62049303844074,5.559835653853086
G314E,IV,54,25,67.5,,24.016598337567245,24.426245322172623,39.25518634514618,56.273168724635475
4040delA,I,97,93,63.0,,2.2055809421880497,71.4100489737166,84.08422345544753,7.510839790372207
"CFTRdele2,3",I,100,90,65.0,,0.1,69.00723953535153,83.66541936921138,5.544860210262874
L1480P,II,78,25,67.5,,8.009918376975953,34.481443556730675,66.1805659206913,51.32273657798267
3849+40A->G,V,79,33,67.5,,8.150928382619576,47.91662574753274,54.994174430991734,27.228334430265452
S1455X,I,88,12,107.5,,0.1,8.511905532624823,59.78475249464485,13.50508250178505
S1251N,III,83,75,68.0,3.9,3.9,57.028809406164896,71.77881008144693,28.907063306184355
3849+1G->A,I,82,86,67.5,,11.502795289056216,73.32068022017312,79.30636571467252,18.400673384165376
R117H;5T,IV,69,16,67.5,,13.103473982695895,31.285586340592392,45.896142470172805,37.68983015065291
2585delT,I,98,79,57.0,,0.12471468682730347,71.17027592756563,82.85075637252146,5.84112922932015
3850-3T->G,I,93,88,76.0,,4.368389058118943,58.823189557399104,80.95295408430249,10.717404363351445
2043delG,I,102,79,80.5,,0.1,55.44887941630683,79.94133771886474,6.786220760378418
L206W,IV,69,19,78.5,5.0,5.0,23.01448227612694,45.242322513729704,25.752559162090098
935delA,I,91,81,49.0,,4.99531842633349,75.06417395920252,83.29614702275475,10.563269418748572
CFTRdup19,,81,29,67.5,,6.413060883902844,32.93234671961654,62.258978207779336,18.993401481309732
M265R,II,49,71,67.5,,31.997064602366258,38.37589135673855,59.2340983481933,173.57395689576686
I1269N,IV,99,50,78.5,,0.1,54.48964185368378,61.341844093943884,13.036051968685372
3737delA,I,89,83,67.5,,6.531197174049822,69.94311094678216,80.63989305641724,12.984566155244078
G551D,III,98,86,69.0,1.0,1.0,66.59779790580448,76.28224953870608,12.905916820431305
2594delGT,I,101,100,67.5,,0.2447615772575631,72.30679409670522,84.90769293419858,5.27553059919137
3667ins4,I,90,76,76.0,,5.157291547190461,51.52176845833058,78.52047617285618,12.31713282290507
T338I,IV,80,13,85.0,6.41518,6.41518,19.513087066018738,47.51188897202413,27.118807009325288
2185insC,I,110,70,67.5,,0.1,62.35681620923972,80.7633715846529,6.5122094717823655
574delA,I,96,83,62.5,,1.862582185544042,69.3272306235674,82.4842541288854,7.701164142582243
1161delC,I,103,96,53.0,,0.1,87.06787398835765,86.5085487745224,4.597150408492534
296+1G->A,I,90,100,67.5,,7.581156559195236,69.63885751573015,83.43006006044143,13.104469872381426
R74W,IV,52,17,71.5,,24.542533330281593,19.223212651298912,35.32653372189937,58.37162208812259
F508del,II,96,86,66.0,0.852617,0.852617,68.65670849387627,82.46600062187706,10.107751459374313
T1246I,IV,59,32,81.5,,21.38883397427879,23.52380897621084,42.07709973691097,51.390884382447865
3659delC,I,100,91,69.0,,0.1,70.21077489555212,83.25840799384659,5.680530668717803
R1162X,I,99,86,68.0,,0.1647303169707186,68.2007588886185,82.52813360539201,5.988685781840047
H609R,IV,82,47,69.0,,7.5640146445484575,47.14405317352919,58.79098752017785,25.082359460096736
Y913X,I,98,100,59.0,,2.245596572331479,83.0483620127673,85.80198812029002,6.978267198901473
CFTRdele14b-17b,I,100,93,68.0,,0.20474594711414795,71.88920299793939,83.70238237899629,5.637285154115385
D614G,IV,63,12,79.5,18.0,18.0,18.667768390915008,39.36652201044825,47.21115932985059
E116K,IV,86,63,93.0,6.69808,6.69808,48.83454279588605,59.54996307489943,23.53046564170019
2556insAT,I,103,100,67.5,,0.1,84.14612466792258,85.07134274897048,5.076219083676507
V456A,IV,67,17,57.5,4.12333,4.12333,42.68932791600975,46.459522749867766,24.03182075004408
A46D,IV,109,83,64.5,,0.1,72.29455746862239,69.76567976152631,10.228106746157895
G628R,II,93,15,67.5,,0.1,36.34071682607557,67.30096454834981,11.399678483883397
1898+1G->T,I,110,100,104.5,,0.1,52.7149945826773,80.30343438619411,6.665521871268629
D110H,IV,68,24,82.0,9.1,9.1,19.74942520403052,45.55094984528941,31.799683384903528
S1255X,I,91,88,73.0,,5.702279054834882,61.47543393702166,81.03703283761305,12.023268108963865
D1270N,IV,57,26,66.5,,22.116757717993536,22.398588816776705,41.47719610674186,52.68273787474302
E1371X,I,102,96,57.5,,0.1,76.91419312723733,85.7997754921852,4.833408169271598
3120+1G->A,I,100,89,64.5,,0.1,73.78966218983892,83.58174926502895,5.572750244990351
Y161D,IV,98,83,67.5,,0.5286921888281029,58.991715581887526,68.52050304571443,11.286203934670676
L1254X,I,107,97,68.0,,0.1,76.51542045251173,84.81956705622076,5.1601443145930785
"CFTRdele17a,17b",I,104,89,66.5,,0.1,69.01836996593875,83.62989191144102,5.556702696186326
405+3A->C,I,102,100,55.0,,0.1,85.01020250739244,86.74256946663331,4.519143511122229
366insC,I,106,100,67.5,,0.1,61.70675614718276,85.2750235053137,5.008325498228767
G194R,IV,84,29,67.5,,4.412225888828935,34.226329860908216,55.679846138620036,21.391723453703392
1812-1G->A,I,99,85,52.0,,0.1,78.38682069504077,84.61162714294768,5.229457619017439
1525-1G->A,I,101,92,63.5,,0.1,76.44948231843405,84.2721388029457,5.342620399018098
A613T,IV,87,13,77.5,2.327617,2.327617,27.16629403938636,50.59619561937065,19.95936029354312
W496X,I,115,90,67.5,,0.1,83.82141410864959,84.1670939353048,5.3776353548983975
Q1313X,I,95,87,70.0,,2.933504685902804,67.0555809741098,81.93033007367218,8.956727994678744
2732insA,I,112,100,67.5,,0.1,76.16139826078187,85.56591727469382,4.911360908435394
W1204X,I,92,93,62.5,,5.540305933977905,75.47589805915467,83.4457400657862,11.05839257871584
182delT,I,91,78,63.0,,4.692335299832891,61.75778558757528,80.85274755269755,11.07475278226704
W1274X,I,94,100,67.5,,4.9133765657633575,75.22083801586584,84.10319081269697,10.212312961531037
541delC,I,107,83,83.0,,0.1,69.63336858061881,80.5717657063461,6.576078097884634
Q493X,I,100,92,66.5,,0.1037515716139552,73.68992238062137,83.76072560064905,5.516843038064271
R31L,IV,51,40,67.5,,27.53234896514414,28.713224805561943,41.001338040256236,60.96474410096414
3600G->A,I,74,26,73.5,,10.778692745908039,31.913068419550843,63.8788206268003,22.819085870307937
175insT,I,92,56,67.5,,1.8035140404705459,65.28536452534848,76.59094394491157,9.60653272550002
A1006E,II,84,40,82.0,3.4425369999999997,3.4425369999999997,39.60503416421184,69.63081973883963,27.335745087053454
W401X,I,103,100,67.5,,0.1,72.87278262845761,85.07134274897048,5.076219083676507
CFTRdele17a-18,I,103,86,70.5,,0.1,67.59032036259957,82.53160416738655,5.92279861087115
Q781X,I,102,100,67.5,,0.1,68.5847852696136,84.99256946663331,5.102476844455562
Q359R,IV,70,25,67.5,,13.345478363839717,34.59082459592425,48.94844055589731,37.03540402712714
2307insA,I,103,90,66.0,,0.1,73.2829259484486,83.78048238627993,5.506505871240024
3539del16,I,101,92,71.0,,0.1,77.15557346537078,83.22213880294571,5.6926203990180975
CFTRdup8-10,,100,100,67.5,,0.9117065756155398,68.90879742518739,78.81627973190191,7.972946664981568
3601-2A->G,I,92,67,67.5,,2.91445217097273,54.72272579881009,78.55649849822277,10.062286004898475
S341P,IV,100,65,59.5,0.1,0.1,71.48962226461593,66.8559733111996,11.1980088962668
P5L,II,69,10,95.0,22.4461,22.4461,7.928628293841494,53.541242794832925,127.71675240172236
Q98X,I,102,94,63.5,,0.1,76.20093728243353,84.65967799059584,5.213440669801387
E193X,I,102,86,62.5,,0.1,72.3787222603811,83.57283088504937,5.575723038316876
Q1411X,I,102,86,67.5,,0.1,67.11388970668129,82.87283088504937,5.80905637165021
Q525X,I,105,93,58.5,,0.1,70.93634662551608,85.42829734942308,4.957234216858974
E56K,IV,64,11,67.5,7.702617,7.702617,21.03862208559599,41.31502332252323,31.11558439249226
3028delA,I,100,100,73.0,,0.9117065756155398,82.63816335813851,84.04627973190193,6.2296133316482285
W1098X,I,108,100,67.5,,0.1,82.44609359166192,85.38719756885524,4.970934143714919
V1240G,IV,60,0,67.5,,17.490068959914446,16.52593964718608,32.3,48.801770106538335
Q552X,I,94,89,67.5,,3.8024384352611733,67.09346230855442,82.44866034582398,9.65288498665318
622-1G->A,I,97,75,67.5,,0.38768218318446657,61.27987886718132,80.61404660592707,6.849666647875442
R553X,I,98,88,64.5,,1.033664066329095,70.5969410752148,83.22309532520786,6.62596562459314
CFTRdele2-4,I,106,94,71.0,,0.1,65.2823289745331,83.89213202927624,5.4692893235745865
L558S,II,100,98,63.5,1.21,1.21,76.05520462580463,85.08109262237195,11.022969125876015
W846X,I,104,99,67.5,,0.1,78.09405015373463,84.99712699802558,5.100957667324807
CFTRdele4-10,I,95,95,76.0,,3.7414596899043957,66.50296412978862,82.31176163258381,9.637539145709791
CFTRdele22-24,I,103,86,63.0,,0.1,71.92756644384454,83.58160416738656,5.572798610871147
F1099L,II,67,33,94.0,15.1199,15.1199,12.582412239864096,58.98546731119187,89.27101089626937
1002-2A->G,I,87,50,67.5,,4.532272779259195,61.90500835229295,74.45685768603309,13.046653550581498
4022insT,I,96,90,66.5,,2.569542814045434,65.22781188094538,83.01487884077044,8.231249867121956
2372del8,I,123,67,67.5,,0.1,68.0938849254908,80.61424966282301,6.561916779058995
G85E,II,95,76,66.0,0.8,0.8,66.2847404049774,80.73470457160036,10.421765142799881
P99L,IV,85,29,67.5,,3.7452808904709656,40.59099549017999,55.952593433974386,20.300390191048322
3944delGT,I,107,90,77.5,,0.1,59.75445283477547,82.43239041823111,5.9558698605896305
A349V,IV,37,29,67.5,44.909217,44.909217,13.953927314005227,32.52460119379808,89.8556251020673
A120T,IV,51,57,67.5,,29.249253348647525,33.02098088892773,44.34890004874316,62.42424667339023
G27X,I,98,92,67.5,,1.4376415683298944,68.68896472628954,83.41643398903716,6.965496905317508
R347P,IV,95,62,64.5,0.1,0.1,62.12129130898937,65.05510864147439,11.798297119508536
2789+2insA,I,77,24,94.5,,8.57586899983373,15.512630471837754,61.74264631424146,21.328320228419912
S945L,IV,75,44,69.0,6.0,6.0,44.847901406053175,55.519078410761516,23.826973863079495
1677delTA,I,98,88,65.0,,1.033664066329095,65.85778789983424,83.15309532520787,6.649298957926471
621+1G->T,I,100,90,63.5,,0.1,74.91802597978221,83.87541936921137,5.474860210262876
711+1G->T,I,99,88,64.0,,0.3667190679711183,74.58075438125769,83.39897939189379,5.900392604006522
Q39X,I,102,93,70.5,,0.1,67.74610698241413,83.52867211372767,5.590442628757445
L88X,I,102,91,64.5,,0.1,76.04911313803004,84.06469772857795,5.4117674238073485
W277X,I,90,80,67.5,,5.56126904919126,55.67090230909682,80.35995670972969,12.107950145948031
L732X,I,93,89,76.0,,4.469383433619143,60.263254557169255,81.10731641251168,10.766944629448584
E60K,IV,91,60,67.5,,2.8744365408293078,62.90095752050494,63.648462741732125,16.428833897333256
4006-1G->A,I,83,93,67.5,,11.542810919199638,66.92244987313062,80.68898693096739,17.979815275543842
875+1G->C,I,86,0,88.0,,0.1494990026072216,25.675328476899047,55.18173704859066,15.088919986410334
G1069R,II,65,45,75.0,,18.700090865633555,30.198219321477392,63.03243463974236,105.82297611492032
R933G,IV,41,60,67.5,,36.22168645872783,42.22457251963645,40.23557497036771,74.25400469796918
Q890X,I,100,88,65.5,,0.1,67.61796117171393,83.28738693681977,5.6708710210600755
M1101R,II,106,100,67.5,,0.1,68.23342785424143,85.2750235053137,5.408325498228767
E193K,IV,71,27,67.5,,12.880522116482148,44.7256209120625,49.98312979911958,35.99307324168336
2942insT,I,98,88,56.5,,1.033664066329095,76.41000447831102,84.34309532520787,6.252632291259805
G178R,II,98,68,71.0,3.4,3.4,59.39671097189449,79.06087676786478,23.979707744045072
CFTRdele16-17b,I,95,83,67.5,,2.5295271839020046,68.6744075842854,81.65280338461005,8.645259389031988
2869insG,I,100,90,66.0,,0.1,67.24227247475064,83.52541936921136,5.591526876929545
Y275X,I,100,89,67.5,,0.1,71.16476307001474,83.16174926502896,5.712750244990347
R1283M,IV,76,83,67.5,,15.201482152703448,54.24917621148816,63.10568288275245,35.10032893480436
E92K,II,97,54,55.0,0.3,0.3,63.18727658588285,78.6759917873615,8.608002737546169
S466X;R1070Q,,100,89,59.5,,0.1,74.01115751535703,78.28174926502895,7.3394169116570165
3056delGA,I,57,83,67.5,,27.87343712150488,46.05394964997418,65.82753497350782,39.26425879700227
Y122X,I,102,98,67.5,,0.1,77.57133110108904,84.69738235710332,5.200872547632225
W1145X,I,102,86,67.5,,0.1,73.34389451796457,82.87283088504937,5.80905637165021
1461ins4,I,102,97,61.5,,0.1,77.52439469588712,85.38888574193238,4.970371419355872
1717-2A->G,I,95,50,62.5,,0.1,56.97378541043578,76.60826036615359,7.897246544615471
2957delT,I,100,100,66.5,,0.9117065756155398,75.71710171397,84.95627973190193,5.926279998314897
S489X,I,101,95,62.5,,0.1,80.75464300369305,84.86516610759676,5.144944630801079
W882X,I,119,100,67.5,,0.1,77.10402398670138,85.77165338549085,4.842782204836383
1154insTC,I,100,94,61.0,,0.3057403226143478,76.19069675710327,84.83338825586446,5.361277570659527
"CFTRdele19,20",I,93,92,67.5,,4.772366560119735,56.44565170110669,82.75629274813177,10.520268977409145
3849G->A,V,96,63,61.5,,0.1,65.13424866347061,65.78396522976976,11.555344923410079
1213delT,I,96,78,68.5,,1.3576103080430428,66.07378115410552,80.84256112346333,7.743423266888601
711+3A->G,I,68,24,69.5,,14.578373985055464,35.28484175448317,60.80094984528941,27.64472403662566
5T;TG12,V,57,14,83.5,,20.904825211991145,12.196730761243725,35.709851119163176,52.787287444932325
V232D,II,84,20,71.5,5.56,5.56,35.862560012176985,66.29026496065674,39.03657834644775
G542X,I,98,86,64.0,,0.8316753153286953,70.67596287640272,82.98224953870609,6.5042588024266665
1898+1G->A,I,100,90,64.5,,0.1,74.33972650228289,83.73541936921137,5.521526876929543
1215delG,I,108,100,67.5,,0.1,73.84275361417552,85.38719756885524,4.970934143714919
W1310X,I,88,96,46.0,,8.511069053910383,76.04271464690812,85.43641646166509,13.36559690002202
S1159P,III,80,33,69.0,,7.483983384261606,49.5571725154754,62.64579142404115,49.87131977996098
V201M,IV,52,17,67.5,,24.542533330281593,25.986413997927134,35.88653372189937,58.184955421455925
3154delG,I,100,80,67.5,,0.1,76.30085871438241,81.74617638119017,6.184607872936611
4326delTC,I,100,94,62.0,,0.3057403226143478,74.12906280072697,84.69338825586445,5.407944237326198
1782delA,I,115,100,67.5,,0.1,82.49871863025524,85.66795429799535,4.877348567334883
R117G,IV,50,10,93.0,,25.169462698496147,0.0,28.899925601678675,61.45421884718466
H1054D,IV,89,59,71.0,,4.107332162045047,56.794187547307,62.592984061979415,18.630003555741098
Q1476X,I,62,18,93.0,,17.97407772220209,8.389779481616902,52.24379941502844,33.892811250525945
297-1G->A,I,81,80,94.5,,11.563774034412994,48.04154282375563,74.25138937939647,20.14664424128084
W1089X,I,94,82,68.5,,3.0954778067597744,66.52138228902741,81.21294714406355,9.357828758738592
S4X,I,98,94,61.5,,1.639630319330287,84.23556535986303,84.55909664425255,6.786598104579437
3121-1G->A,I,100,89,75.5,,0.1,65.64836656269392,82.04174926502895,6.086083578323682
1811+1G->C,I,105,100,67.5,,0.1,70.17543530668068,85.21219470232873,5.02926843255709
297-3C->T,I,91,71,67.5,,3.985374671331499,62.72166014610535,79.06492394533589,10.963733356219535
CFTRdele15,I,97,67,67.5,,0.1,64.29603676201441,79.2649818878841,7.011672704038632
1811+1G->A,I,101,100,67.5,,0.2447615772575631,72.60346099248062,84.90769293419858,5.27553059919137
991del5,I,99,89,82.0,,0.46771344347131816,63.53476051561214,81.03334172010297,6.789932870103662
CFTRdele4-7,I,105,80,67.5,,0.1,82.31416692828199,82.14209135161697,6.052636216127676
Q414X,I,108,100,93.5,,0.1,63.25697063582384,81.74719756885523,6.184267477048257
CFTRdele4-8,I,117,100,67.5,,0.1,78.31803682960134,85.72385726777061,4.858714244076462
G1244E,III,96,84,63.0,0.3,0.3,67.21481003105856,76.57224943983854,9.309250186720487
R334L,IV,73,10,79.5,,9.829727736262825,21.880916903666005,44.29789694885231,33.31195928811013
"CFTRdele13,14a",I,106,75,67.5,,0.1,62.7884931248532,81.39094930288762,6.30301689903746
S1206X,I,75,75,67.5,,15.06047214705982,42.00066160378766,74.87445647779296,23.435653321128832
4005+1G->A,I,90,96,72.0,,7.177179057194444,67.80292157496123,82.20726608599335,13.108090361863326
CFTRdup10-12,,96,86,59.0,,2.1655653120446345,84.27481377161192,77.44600062187706,9.68356510475228
2991del32,I,103,93,75.5,,0.1,65.28593730868137,82.90744539606484,5.797518201311719
G1061R,II,91,73,59.5,0.3,0.3,67.85485079943714,80.52021514249381,7.99326161916873
3272-26A->G,V,94,34,71.0,,0.1,49.05588795010734,58.438074486251125,14.003975171249625
E92X,I,98,97,71.0,,1.9426134458308866,69.11857122148635,83.67830439558911,7.383178647301183
F312del,II,88,20,83.0,,0.8354965158952581,27.37742412668554,65.67711473582098,15.61844433420263
1524+1G->A,I,89,89,67.5,,7.137163427051021,62.8601554693072,81.57684766411984,13.278214205677742
G622D,II,57,40,67.5,18.1953,18.1953,25.36785317263743,58.05747912597411,104.95734029134196
R117L,IV,73,18,68.5,10.22,10.22,35.31272771768893,48.44025574318196,32.51658141893935
2184delA,I,98,88,61.0,,1.033664066329095,74.9943244126656,83.71309532520786,6.462632291259808
296+1G->T,I,100,93,67.5,,0.20474594711414795,73.36502031979063,83.77238237899628,5.613951820782053
4428insGA,I,104,36,67.5,,0.1,44.62666605286613,73.91676501459128,8.794411661802908
CFTR50kbdel,I,108,78,67.5,,0.1,60.258004261531205,81.99401948885759,6.101993503714136
C276X,I,108,76,62.0,,0.1,69.45852826149903,82.43761368126998,5.954128772910006
977insA,I,95,100,65.5,,4.246431567405395,80.36876743393312,84.52428845918564,9.405002081010181
W57G,II,92,70,67.5,,3.2174352974733296,60.8229221727729,79.06957461715061,23.063984948316445
L101X,I,97,83,67.5,,1.1956371871860654,58.560387868123634,81.90663573377756,7.226758609260211
Q1042X,I,104,88,67.5,,0.1,76.49334615348187,83.33552958323183,5.654823472256056
S977F,IV,61,18,80.0,,18.64102272056006,22.893017369729133,39.936144766428946,47.98281915869711
Q1412X,I,101,100,67.5,,0.2447615772575631,79.42679959531466,84.90769293419858,5.27553059919137
P205S,IV,85,38,64.0,,4.654230269972757,52.01562591005428,58.495069681045166,20.81632217794408
3850-1G->A,I,102,94,67.5,,0.1,77.44774212174093,84.09967799059584,5.4001073364680545
R1070W,II,44,43,81.5,,32.50394708015053,16.87459589535283,49.70829803605466,179.2836360554011
L218X,I,96,90,62.5,,2.569542814045434,78.51768493463227,83.57487884077044,8.044583200455289
1717-1G->A,I,98,88,65.0,,1.033664066329095,70.60445823224053,83.15309532520787,6.649298957926471
F191V,IV,57,33,67.5,,22.82371834649493,27.74740779681291,43.01623234040595,53.23016673960707
E1104X,I,100,96,88.5,,0.5077290736147475,65.83759318739054,81.28348575745383,6.74656715446347
E822X,I,106,85,62.0,,0.1,74.43645233329315,83.76877846128544,5.510407179571521
875+1G->A,I,85,29,58.0,,3.7452808904709656,58.841517044765546,70.7825934339744,13.484416412479499
1342-2A->C,I,85,64,92.0,,7.280084032977932,37.9615699368251,73.109616952188,16.243545048915266
Q1330X,I,96,100,67.5,,3.5794865690474182,69.26015484055958,84.375739203461,8.787573501227087
1138insG,I,104,97,71.0,,0.1,74.67320646182364,84.21073865361308,5.363087115462307
296+28A->G,V,64,75,67.5,,22.396867128997492,44.67272914676968,55.41463974025952,48.45708744674307
4010del4,I,116,92,67.5,,0.1,81.19953390644592,84.50144406960908,5.266185310130306
L1077P,II,99,80,71.0,0.1,0.1,62.8688076856813,81.15776883626418,6.780743721245273
S1196X,I,95,84,70.0,,2.6305215594022044,60.3620508085962,81.46079869556318,8.81025532754781
1898+2T->C,I,92,83,50.5,,4.5303621789759205,71.87151143652525,83.57815234411623,10.004311397603843
T1036N,IV,92,65,81.5,,2.7124634199723374,46.11973828048232,62.749330997989524,16.48558479729533
852del22,I,97,79,68.0,,0.791659685185266,64.97098775285988,81.19688906058461,7.059363331657063
L1324P,II,91,83,67.5,,5.197307177333883,65.76242914612826,81.02444055811964,32.311722367296206
L927P,II,105,93,64.5,0.1,0.1,71.916553197151,84.58829734942307,5.6372342168589755
N1303K,II,99,86,67.0,1.3,1.3,68.48239147034244,82.668133605392,12.277288798202665
442delA,I,104,89,67.5,,0.1,77.93341115325202,83.48989191144102,5.603369362852993
2622+1G->A,I,99,91,67.5,,0.6697021944717108,71.5368970853634,83.37000044892059,6.213035378164847
1898+5G->T,I,96,31,85.0,,0.1,45.51216187926968,69.55915556152691,10.246948146157697
R851X,I,98,83,71.0,,0.5286921888281029,64.0876729092493,81.53050304571443,6.685191173589961
W1098C,II,98,43,67.5,,0.1,63.689163703914176,74.87745411367271,8.874181962109096
S13F,IV,91,60,67.5,,2.8744365408293078,54.89095133456932,63.648462741732125,16.428833897333256
M1V,I,102,77,70.0,0.4,0.4,62.794230471365,81.0866123998351,6.704462533388299
2055del9->A,I,95,90,73.5,,3.2364878124034036,62.23172230356315,81.90342809649508,9.268678446905046
Q2X;R3W,,104,100,67.5,,0.1,85.46745306901265,79.14442237831398,7.0518592072286745
1248+1G->A,I,98,87,54.5,,0.9326696908288952,77.6098729124165,84.46802973477656,6.109993112570041
185+1G->T,I,110,94,76.0,,0.1,66.78614450407056,83.40054291015664,5.633152363281118
300delA,I,103,82,67.5,,0.1,75.7283015228081,82.32109908033706,5.9929669732209785
2176insC,I,91,89,67.5,,5.803273430335082,58.97614056442868,81.96139516582224,11.816141708394337
CFTRdele21,I,102,100,67.5,,0.1,65.02478252030888,84.99256946663331,5.102476844455562
Y1014C,IV,58,0,78.0,,18.823958956630392,12.55780866366927,29.572681136499682,51.711711389445696
Y569D,IV,101,95,65.5,,0.1,74.56974113456415,70.94516610759676,9.834944630801079
R1158X,I,97,86,66.5,,1.4986203136866578,68.5022195731151,82.51838222676923,7.325826238096913
I507del,II,96,85,66.5,0.2,0.2,68.70749513000881,82.23949415943272,6.920168613522425
CFTRdup22,,84,22,91.0,,3.7052652603275362,18.862510222993937,58.109238740475924,17.668852346835564
3849+5G->A,V,101,73,64.5,,0.1,62.453291946745374,67.61198244399719,10.946005852000937
3171insC,I,116,67,67.5,,0.1,70.41459505310063,80.46385928039288,6.6120469065357055
5T,V,57,26,77.0,,22.116757717993536,20.479780843889245,40.00719610674186,53.17273787474302
S434X,I,95,91,79.0,,3.3374821879036034,60.491140177087,81.2864167211303,9.57534328086017
S1159F,III,85,63,63.0,,7.179089657477732,60.70886217892036,70.99333398261206,45.56433695985131
I1234V,IV,95,53,70.0,,0.1,58.44006880737823,62.633369274747395,12.605543575084202
G91R,IV,104,100,67.5,,0.1,84.57745238168648,71.64442237831398,9.601859207228674
R709X,I,98,87,62.5,,0.9326696908288952,72.98347709242185,83.34802973477656,6.4833264459033755
CFTRdele18,I,84,100,48.5,,11.582826549343068,76.25857993098168,84.68236066094894,16.688706329026754
1874insT,I,107,100,67.5,,0.1,62.13808386094666,85.33325078092167,4.988916406359442
D579G,II,76,34,69.5,10.5,10.5,40.67610383972928,67.2420516308822,63.419316123039266
A455E,IV,81,37,71.5,6.3,6.3,44.809670869758975,56.033827826235665,24.105390724588112
G970D,II,98,38,72.0,,0.1,57.14982690984576,73.1919498450319,9.4360167183227
712-1G->T,I,94,83,67.5,,3.1964721822599813,63.19974264233982,81.51170573812138,9.35923693621952
1601delT,I,97,100,67.5,,2.9125415706894415,77.7014887402591,84.49812080835315,8.079834634571725
4209TGTT->AA,I,101,96,61.0,,0.1,76.83215240842893,85.22489895975049,5.02503368008317
Y1092X,I,101,90,64.5,,0.1,74.77105421604678,83.82683257150802,5.491055809497326
2105-2117del13insAGAAA,I,98,91,75.5,,1.3366471928296875,66.47917355160486,82.14411638223467,7.288608398751464
3791delC,I,96,90,71.5,,2.569542814045434,67.97298551318121,82.31487884077043,8.46458320045529
Q220X,I,101,93,62.0,,0.1,74.3069930978223,84.63379558129293,5.222068139569023
CFTRdele11,I,101,89,67.5,,0.1,64.1794183893938,83.25316246732561,5.68227917755813
c.2556dupT,I,100,67,67.5,,0.1,63.21668473710294,79.58314081143286,6.905619729522381
CFTRdele19,I,90,73,67.5,,4.854308420689868,71.10380034738962,79.21434957024005,11.782858563943186
E664X,I,99,50,67.5,,0.1,60.8509361061764,76.38184409394388,7.972718635352039
R1070Q,IV,86,79,75.5,,8.128054667122946,53.812468549784334,64.7005053008221,23.958580233743717
4279insA,I,104,100,67.5,,0.1,75.67744550842465,85.14442237831398,5.0518592072286745
I336K,II,101,27,71.5,2.43913,2.43913,47.63891512482175,71.01592276887078,21.857009077043074
D513G,IV,69,10,67.5,4.840127000000001,4.840127000000001,28.87520115325476,43.89124279483293,25.963109568389026
1717-8G->A,I,99,84,59.5,,0.1,74.68617788445341,83.4043824233535,5.631872525548834
E588V,IV,87,50,67.5,27.516717,27.516717,45.88499598042169,60.95685768603308,54.28945627132231
3121-2A->G,I,97,94,59.5,,2.3065753176882495,69.23749112500192,84.72522933231568,7.39816554024969
1367del5,I,103,100,61.0,,0.1,76.33506233642787,85.98134274897048,4.772885750343174
1497delGG,I,103,81,47.0,,0.1,85.8467089159988,85.03156413903002,5.089478620323325
G970R,II,103,79,79.5,,0.1,60.61184314842556,80.16011100120193,7.113296332932691
457TAT->G,,88,65,61.5,,5.380243413404216,57.44375145429031,72.27890401541086,14.620608741600597
R117H;7T,IV,43,11,79.0,,29.939072062502134,8.000298167290481,27.889878901786517,68.94531512649102
F1052V,II,45,21,82.0,,29.615125820788183,9.365362433230636,44.91647577791003,166.43680384463758
Q98R,IV,74,27,61.5,5.42606,5.42606,48.59940023102398,52.30887440281407,24.036131865728642
CFTRdup6b-10,,103,100,61.5,,0.1,73.96924432725045,79.91134274897048,6.7962190836765055
Y362X,I,92,100,67.5,,6.247266562479297,55.66816815448825,83.78963741869183,11.650720756248688
W1098R,II,97,73,67.5,,0.18569343218407397,60.77308403384416,80.28241031815176,7.500997054869782
