Variant,Class,sweat_chloride,pi_percent,fev1_percent,molecular_score,ps_infection_rate,survival_pressure,metabolic_gap
c.488delA,I,112,71,67.5,,100.0,1.4598540145985401,41
1119delA,I,104,100,60.5,,100.0,1.6260162601626016,4
663delT,I,98,94,80.5,,59.0,0.7239263803680982,4
R560K,IV,106,95,92.5,,57.0,0.6096256684491979,11
1471delA,I,99,88,68.5,,61.0,0.8776978417266187,11
S912X,I,103,93,70.0,,30.0,0.4225352112676056,10
5T;TG13,V,63,11,86.0,,10.0,0.11494252873563218,52
3905insT,I,98,89,66.0,,48.0,0.7164179104477612,9
I1366N,IV,86,10,67.5,,0.0,0.0,76
L1335P,II,88,70,62.5,2.43397,51.0,0.8031496062992126,18
D443Y,IV,52,11,81.5,,22.0,0.26666666666666666,41
G1249R,III,87,71,67.5,,67.0,0.9781021897810219,16
711+5G->A,I,92,75,62.0,,44.0,0.6984126984126984,17
CFTRdele10,I,102,100,67.5,,40.0,0.583941605839416,2
L227R,II,100,96,70.0,,54.0,0.7605633802816901,4
K710X,I,98,86,66.5,,45.0,0.6666666666666666,12
406-1G->A,I,95,83,58.5,,47.0,0.7899159663865546,12
V456F,IV,101,80,67.5,,60.0,0.8759124087591241,21
R75X,I,99,88,53.0,,43.0,0.7962962962962963,11
S1255P,IV,85,73,75.5,0.8,47.0,0.6143790849673203,12
R1066C,IV,99,88,63.0,0.1,44.0,0.6875,11
2711delT,I,102,93,60.0,,53.0,0.8688524590163934,9
W1282X,I,96,84,66.5,,50.0,0.7407407407407407,12
3849+4A->G,V,79,28,80.0,,44.0,0.5432098765432098,51
183delC,I,97,50,67.5,,80.0,1.167883211678832,47
S492F,IV,80,42,62.5,0.1,33.0,0.5196850393700787,38
R117H,IV,58,24,76.5,,20.0,0.25806451612903225,34
R334Q,IV,49,14,67.5,,0.0,0.0,35
1898+3A->G,V,92,41,67.5,,46.0,0.6715328467153284,51
2183AA->G,I,99,88,64.5,,45.0,0.6870229007633588,11
G194V,IV,67,33,82.5,,33.0,0.39520958083832336,34
S549N,III,94,79,71.0,1.6,40.0,0.5555555555555556,15
4218insT,I,92,88,67.5,,13.0,0.1897810218978102,4
365-366insT,I,95,87,77.0,,53.0,0.6794871794871795,8
G550X,I,96,100,59.0,,75.0,1.25,4
3120G->A,I,90,59,65.5,,40.0,0.6015037593984962,31
2184insA,I,100,81,60.0,,47.0,0.7704918032786885,19
1609delCA,I,104,80,70.5,,30.0,0.4195804195804196,24
G149R,IV,93,100,67.5,,33.0,0.48175182481751827,7
G673X,I,103,73,67.5,,44.0,0.6423357664233577,30
3132delTG,I,97,95,59.0,,25.0,0.4166666666666667,2
Q353X,I,122,86,67.5,,29.0,0.4233576642335766,36
R560S,II,98,89,67.5,,44.0,0.6423357664233577,9
F1074L,II,53,25,86.0,8.002617,10.0,0.11494252873563218,28
3271delGG,I,92,83,67.5,,33.0,0.48175182481751827,9
G646X,I,98,89,67.5,,100.0,1.4598540145985401,9
G330X,I,101,92,48.0,,48.0,0.9795918367346939,9
2721del11,I,95,94,60.5,,62.0,1.008130081300813,1
F575Y,IV,57,43,67.5,,29.0,0.4233576642335766,14
P67L,II,60,34,72.5,7.8,32.0,0.43537414965986393,26
3130delA,I,92,81,67.5,,31.0,0.45255474452554745,11
3876delA,I,96,88,62.0,,48.0,0.7619047619047619,8
3171delC,I,100,100,67.5,,33.0,0.48175182481751827,0
124del23bp,I,113,81,62.5,,82.0,1.2913385826771653,32
2896insAG,I,95,91,65.5,,67.0,1.0075187969924813,4
306delTAGA,I,95,100,57.0,,57.0,0.9827586206896551,5
V520F,II,100,88,66.5,0.2,49.0,0.725925925925926,12
1716+1G->A,I,89,54,67.5,,9.0,0.13138686131386862,35
3129del4,I,126,100,67.5,,100.0,1.4598540145985401,26
4374+1G->T,I,100,94,62.0,,44.0,0.6984126984126984,6
1288insTA,I,90,75,57.0,,46.0,0.7931034482758621,15
Q359K/T360K,IV,99,81,67.0,,38.0,0.5588235294117647,18
4374+1G->A,I,106,92,67.5,,44.0,0.6423357664233577,14
2634insT,I,93,100,67.5,,67.0,0.9781021897810219,7
S1118F,IV,68,7,67.5,,15.0,0.21897810218978103,61
Q1291R,III,49,20,79.0,62.3093,6.0,0.075,29
3143del9,I,93,27,80.5,0.972617,36.0,0.44171779141104295,66
CFTRdele20,I,100,100,67.5,,40.0,0.583941605839416,0
4005+2T->C,I,84,40,72.5,,35.0,0.47619047619047616,44
557delT,I,105,83,75.0,,67.0,0.881578947368421,22
1811+1643G->T,V,101,98,59.0,,61.0,1.0166666666666666,3
3821delT,I,97,87,61.0,,39.0,0.6290322580645161,10
1811+1634A->G,V,93,83,63.5,,44.0,0.6821705426356589,10
A559T,II,100,91,66.5,0.1,53.0,0.7851851851851852,9
2790-1G->C,I,87,93,67.5,,36.0,0.5255474452554745,6
1833delT,I,95,86,53.5,,63.0,1.1559633027522935,9
1078delT,I,97,91,67.5,,54.0,0.7883211678832117,6
M1101K,II,102,67,64.5,0.1,49.0,0.7480916030534351,35
CFTRdele9,I,104,100,67.5,,100.0,1.4598540145985401,4
"CFTRdele14b,15",I,96,100,67.5,,100.0,1.4598540145985401,4
Q1382X,I,96,100,67.5,,30.0,0.43795620437956206,4
1525-2A->G,I,94,92,62.0,,42.0,0.6666666666666666,2
541del4,I,106,88,67.5,,40.0,0.583941605839416,18
1824delA,I,102,100,67.5,,57.0,0.8321167883211679,2
S466X,I,103,93,71.0,,52.0,0.7222222222222222,10
3359delCT,I,86,83,67.5,,0.0,0.0,3
1924del7,I,116,100,67.5,,44.0,0.6423357664233577,16
3849+10kbC->T,V,65,31,65.5,,48.0,0.7218045112781954,34
Y563D,IV,88,100,67.5,,75.0,1.094890510948905,12
R258G,IV,57,33,67.5,,0.0,0.0,24
1341+1G->A,I,99,76,55.5,,41.0,0.7256637168141593,23
R334W,IV,96,40,68.5,1.3,38.0,0.5467625899280576,56
E379X,I,88,90,75.5,,29.0,0.3790849673202614,2
1898+1G->C,I,104,88,60.0,,43.0,0.7049180327868853,16
405+1G->A,I,95,84,63.5,,37.0,0.5736434108527132,11
"CFTRdele22,23",I,95,86,56.0,,41.0,0.7192982456140351,9
2522insC,I,92,83,67.5,,50.0,0.7299270072992701,9
L165S,II,89,52,71.0,,70.0,0.9722222222222222,37
R1066H,IV,81,34,69.0,1.5,38.0,0.5428571428571428,47
3199del6,I,97,90,64.0,,51.0,0.7846153846153846,7
D110E,IV,69,8,99.0,19.8979,4.0,0.04,61
P750L,II,43,31,67.5,,0.0,0.0,12
663insT,I,101,100,67.5,,29.0,0.4233576642335766,1
4015delA,I,107,76,58.0,,48.0,0.8135593220338984,31
I502T,II,94,45,73.5,,41.0,0.5503355704697986,49
Y849X,I,88,60,63.5,,38.0,0.5891472868217055,28
A561E,II,100,83,61.0,0.1,54.0,0.8709677419354839,17
G103X,I,96,67,67.5,,20.0,0.291970802919708,29
L138ins,I,90,42,71.0,5.42,20.0,0.2777777777777778,48
2143delT,I,98,92,65.0,,40.0,0.6060606060606061,6
3500-2A->G,I,97,88,89.0,,48.0,0.5333333333333333,9
G27R,IV,97,83,67.5,,100.0,1.4598540145985401,14
Q237E,IV,66,0,67.5,,20.0,0.291970802919708,66
394delTT,I,100,93,68.5,,44.0,0.6330935251798561,7
2954delT,I,93,100,67.5,,71.0,1.0364963503649636,7
H1375P,IV,87,47,80.5,,8.0,0.09815950920245399,40
621+3A->G,I,47,18,83.5,,16.0,0.1893491124260355,29
1343delG,I,87,67,67.5,,63.0,0.9197080291970803,20
G1349D,III,108,65,70.5,,35.0,0.48951048951048953,43
1949del84,I,103,85,57.0,,34.0,0.5862068965517241,18
L15P,IV,105,17,67.5,,40.0,0.583941605839416,88
E60X,I,101,93,65.0,,48.0,0.7272727272727273,8
Q1035X,I,110,100,61.5,,67.0,1.072,10
CFTRdele4-11,I,92,93,72.0,,53.0,0.726027397260274,1
C524X,I,99,84,82.5,,33.0,0.39520958083832336,15
3878delG,I,99,76,72.5,,59.0,0.8027210884353742,23
F311L,IV,82,45,67.5,7.644807,64.0,0.9343065693430657,37
I618T,IV,74,35,93.0,,6.0,0.06382978723404255,39
Q2X,I,94,75,67.5,,50.0,0.7299270072992701,19
V1153E,IV,41,25,67.5,,25.0,0.36496350364963503,16
M1T,I,98,92,67.5,,25.0,0.36496350364963503,6
602del14,I,108,100,67.5,,71.0,1.0364963503649636,8
306insA,I,106,100,73.0,,30.0,0.40540540540540543,6
2183delAA,I,90,87,67.5,,33.0,0.48175182481751827,3
E585X,I,100,89,60.5,,49.0,0.7967479674796748,11
L346P,II,81,50,67.5,,100.0,1.4598540145985401,31
W57X,I,104,100,70.5,,82.0,1.1468531468531469,4
R785X,I,100,93,72.0,,42.0,0.5753424657534246,7
Q1291H,III,64,27,81.5,,39.0,0.4727272727272727,37
CFTRdele2,I,99,82,66.5,,40.0,0.5925925925925926,17
G126D,II,83,26,103.5,,4.0,0.03827751196172249,57
444delA,I,112,93,63.0,,43.0,0.671875,19
CFTRdele19-21,I,109,80,67.5,,67.0,0.9781021897810219,29
R117C,IV,63,17,75.0,2.9,13.0,0.17105263157894737,46
2789+5G->A,I,94,41,71.5,,29.0,0.4,53
R764X,I,97,85,68.0,,48.0,0.6956521739130435,12
D192G,IV,76,60,69.0,,40.0,0.5714285714285714,16
Y563N,IV,96,85,70.5,1.85779,46.0,0.6433566433566433,11
3007delG,I,98,94,69.5,,53.0,0.75177304964539,4
4016insT,I,95,79,64.5,,43.0,0.6564885496183206,16
3600+2insT,I,99,91,81.5,,45.0,0.5454545454545454,8
S912L,IV,66,43,67.5,,20.0,0.291970802919708,23
D1152H,IV,45,25,76.5,57.4,22.0,0.2838709677419355,20
2347delG,I,104,86,59.5,,45.0,0.743801652892562,18
R792X,I,96,91,74.0,,39.0,0.52,5
CFTRdele1,I,110,83,77.5,,25.0,0.3184713375796178,27
CFTRdele18-20,I,93,100,67.5,,25.0,0.36496350364963503,7
Y1032C,IV,57,21,93.0,,5.0,0.05319148936170213,36
2118del4,I,103,47,66.0,,52.0,0.7761194029850746,56
P574H,IV,78,38,76.5,,23.0,0.2967741935483871,40
R352Q,IV,80,35,70.5,2.7,35.0,0.48951048951048953,45
I601F,II,70,67,67.5,,33.0,0.48175182481751827,3
R347H,IV,63,23,72.5,5.3,20.0,0.272108843537415,40
175delC,I,98,78,75.0,,14.0,0.18421052631578946,20
L467P,II,101,96,63.0,0.1,52.0,0.8125,5
4382delA,I,102,39,71.5,,36.0,0.496551724137931,63
L1065P,II,97,57,65.5,0.1,27.0,0.40601503759398494,40
R352W,IV,63,13,67.5,,50.0,0.7299270072992701,50
H139R,IV,99,30,70.5,,44.0,0.6153846153846154,69
406-2A->G,I,106,100,67.5,,40.0,0.583941605839416,6
S549R,III,101,87,77.0,0.1,35.0,0.44871794871794873,14
2603delT,I,106,100,67.0,,40.0,0.5882352941176471,6
H199Y,IV,95,81,61.0,,47.0,0.7580645161290323,14
R516G,IV,99,56,57.0,,33.0,0.5689655172413793,43
Q1281X,I,117,67,67.5,,50.0,0.7299270072992701,50
W1282X;R1283M,,109,100,67.5,,25.0,0.36496350364963503,9
1259insA,I,97,74,63.5,,43.0,0.6666666666666666,23
M952T,II,58,36,67.5,,10.0,0.145985401459854,22
R560T,II,101,92,63.0,,52.0,0.8125,9
1548delG,I,99,92,53.5,,52.0,0.9541284403669725,7
1249-1G->A,I,95,93,77.0,,36.0,0.46153846153846156,2
R1102X,I,100,92,85.5,,42.0,0.48554913294797686,8
E831X,I,79,29,78.5,,9.0,0.11320754716981132,50
p.S1347PfsX13,I,93,100,67.5,,17.0,0.24817518248175183,7
G551S,III,73,44,71.0,,30.0,0.4166666666666667,29
"CFTRdele17b,18",I,106,89,67.5,,29.0,0.4233576642335766,17
G314E,IV,54,25,67.5,,14.0,0.20437956204379562,29
4040delA,I,97,93,63.0,,43.0,0.671875,4
"CFTRdele2,3",I,100,90,65.0,,37.0,0.5606060606060606,10
L1480P,II,78,25,67.5,,13.0,0.1897810218978102,53
3849+40A->G,V,79,33,67.5,,50.0,0.7299270072992701,46
S1455X,I,88,12,107.5,,0.0,0.0,76
S1251N,III,83,75,68.0,3.9,40.0,0.5797101449275363,8
3849+1G->A,I,82,86,67.5,,86.0,1.2554744525547445,4
R117H;5T,IV,69,16,67.5,,23.0,0.3357664233576642,53
2585delT,I,98,79,57.0,,41.0,0.7068965517241379,19
3850-3T->G,I,93,88,76.0,,36.0,0.4675324675324675,5
2043delG,I,102,79,80.5,,28.0,0.34355828220858897,23
L206W,IV,69,19,78.5,5.0,14.0,0.1761006289308176,50
935delA,I,91,81,49.0,,47.0,0.94,10
CFTRdup19,,81,29,67.5,,0.0,0.0,52
M265R,II,49,71,67.5,,29.0,0.4233576642335766,22
I1269N,IV,99,50,78.5,,50.0,0.6289308176100629,49
3737delA,I,89,83,67.5,,67.0,0.9781021897810219,6
G551D,III,98,86,69.0,1.0,43.0,0.6142857142857143,12
2594delGT,I,101,100,67.5,,43.0,0.6277372262773723,1
3667ins4,I,90,76,76.0,,26.0,0.33766233766233766,14
T338I,IV,80,13,85.0,6.41518,4.0,0.046511627906976744,67
2185insC,I,110,70,67.5,,22.0,0.32116788321167883,40
574delA,I,96,83,62.5,,45.0,0.7086614173228346,13
1161delC,I,103,96,53.0,,65.0,1.2037037037037037,7
296+1G->A,I,90,100,67.5,,50.0,0.7299270072992701,10
R74W,IV,52,17,71.5,,14.0,0.19310344827586207,35
F508del,II,96,86,66.0,0.852617,47.0,0.7014925373134329,10
T1246I,IV,59,32,81.5,,25.0,0.30303030303030304,27
3659delC,I,100,91,69.0,,48.0,0.6857142857142857,9
R1162X,I,99,86,68.0,,45.0,0.6521739130434783,13
H609R,IV,82,47,69.0,,34.0,0.4857142857142857,35
Y913X,I,98,100,59.0,,67.0,1.1166666666666667,2
CFTRdele14b-17b,I,100,93,68.0,,50.0,0.7246376811594203,7
D614G,IV,63,12,79.5,18.0,16.0,0.19875776397515527,51
E116K,IV,86,63,93.0,6.69808,67.0,0.7127659574468085,23
2556insAT,I,103,100,67.5,,80.0,1.167883211678832,3
V456A,IV,67,17,57.5,4.12333,44.0,0.7521367521367521,50
A46D,IV,109,83,64.5,,40.0,0.6106870229007634,26
G628R,II,93,15,67.5,,6.0,0.08759124087591241,78
1898+1G->T,I,110,100,104.5,,36.0,0.3412322274881517,10
D110H,IV,68,24,82.0,9.1,7.0,0.08433734939759036,44
S1255X,I,91,88,73.0,,42.0,0.5675675675675675,3
D1270N,IV,57,26,66.5,,0.0,0.0,31
E1371X,I,102,96,57.5,,41.0,0.7008547008547008,6
3120+1G->A,I,100,89,64.5,,53.0,0.8091603053435115,11
Y161D,IV,98,83,67.5,,17.0,0.24817518248175183,15
L1254X,I,107,97,68.0,,52.0,0.7536231884057971,10
"CFTRdele17a,17b",I,104,89,66.5,,35.0,0.5185185185185185,15
405+3A->C,I,102,100,55.0,,60.0,1.0714285714285714,2
366insC,I,106,100,67.5,,0.0,0.0,6
G194R,IV,84,29,67.5,,0.0,0.0,55
1812-1G->A,I,99,85,52.0,,49.0,0.9245283018867925,14
1525-1G->A,I,101,92,63.5,,56.0,0.8682170542635659,9
A613T,IV,87,13,77.5,2.327617,5.0,0.06369426751592357,74
W496X,I,115,90,67.5,,70.0,1.0218978102189782,25
Q1313X,I,95,87,70.0,,50.0,0.704225352112676,8
2732insA,I,112,100,67.5,,40.0,0.583941605839416,12
W1204X,I,92,93,62.5,,63.0,0.9921259842519685,1
182delT,I,91,78,63.0,,32.0,0.5,13
W1274X,I,94,100,67.5,,63.0,0.9197080291970803,6
541delC,I,107,83,83.0,,70.0,0.8333333333333334,24
Q493X,I,100,92,66.5,,54.0,0.8,8
R31L,IV,51,40,67.5,,20.0,0.291970802919708,11
3600G->A,I,74,26,73.5,,21.0,0.28187919463087246,48
175insT,I,92,56,67.5,,70.0,1.0218978102189782,36
A1006E,II,84,40,82.0,3.442537,37.0,0.4457831325301205,44
W401X,I,103,100,67.5,,42.0,0.6131386861313869,3
CFTRdele17a-18,I,103,86,70.5,,42.0,0.5874125874125874,17
Q781X,I,102,100,67.5,,29.0,0.4233576642335766,2
Q359R,IV,70,25,67.5,,25.0,0.36496350364963503,45
2307insA,I,103,90,66.0,,49.0,0.7313432835820896,13
3539del16,I,101,92,71.0,,73.0,1.0138888888888888,9
CFTRdup8-10,,100,100,67.5,,33.0,0.48175182481751827,0
3601-2A->G,I,92,67,67.5,,25.0,0.36496350364963503,25
S341P,IV,100,65,59.5,0.1,56.0,0.9256198347107438,35
P5L,II,69,10,95.0,22.4461,3.0,0.03125,59
Q98X,I,102,94,63.5,,52.0,0.8062015503875969,8
E193X,I,102,86,62.5,,44.0,0.6929133858267716,16
Q1411X,I,102,86,67.5,,36.0,0.5255474452554745,16
Q525X,I,105,93,58.5,,21.0,0.35294117647058826,12
E56K,IV,64,11,67.5,7.702617,0.0,0.0,53
3028delA,I,100,100,73.0,,90.0,1.2162162162162162,0
W1098X,I,108,100,67.5,,67.0,0.9781021897810219,8
V1240G,IV,60,0,67.5,,0.0,0.0,60
Q552X,I,94,89,67.5,,45.0,0.656934306569343,5
622-1G->A,I,97,75,67.5,,33.0,0.48175182481751827,22
R553X,I,98,88,64.5,,46.0,0.7022900763358778,10
CFTRdele2-4,I,106,94,71.0,,24.0,0.3333333333333333,12
L558S,II,100,98,63.5,1.21,51.0,0.7906976744186046,2
W846X,I,104,99,67.5,,59.0,0.8613138686131386,5
CFTRdele4-10,I,95,95,76.0,,53.0,0.6883116883116883,0
CFTRdele22-24,I,103,86,63.0,,42.0,0.65625,17
F1099L,II,67,33,94.0,15.1199,0.0,0.0,34
1002-2A->G,I,87,50,67.5,,71.0,1.0364963503649636,37
4022insT,I,96,90,66.5,,33.0,0.4888888888888889,6
2372del8,I,123,67,67.5,,25.0,0.36496350364963503,56
G85E,II,95,76,66.0,0.8,49.0,0.7313432835820896,19
P99L,IV,85,29,67.5,,20.0,0.291970802919708,56
3944delGT,I,107,90,77.5,,20.0,0.25477707006369427,17
A349V,IV,37,29,67.5,44.909217,0.0,0.0,8
A120T,IV,51,57,67.5,,20.0,0.291970802919708,6
G27X,I,98,92,67.5,,42.0,0.6131386861313869,6
R347P,IV,95,62,64.5,0.1,44.0,0.6717557251908397,33
2789+2insA,I,77,24,94.5,,4.0,0.041884816753926704,53
S945L,IV,75,44,69.0,6.0,39.0,0.5571428571428572,31
1677delTA,I,98,88,65.0,,31.0,0.4696969696969697,10
621+1G->T,I,100,90,63.5,,54.0,0.8372093023255814,10
711+1G->T,I,99,88,64.0,,57.0,0.8769230769230769,11
Q39X,I,102,93,70.5,,38.0,0.5314685314685315,9
L88X,I,102,91,64.5,,56.0,0.8549618320610687,11
W277X,I,90,80,67.5,,20.0,0.291970802919708,10
L732X,I,93,89,76.0,,40.0,0.5194805194805194,4
E60K,IV,91,60,67.5,,60.0,0.8759124087591241,31
4006-1G->A,I,83,93,67.5,,57.0,0.8321167883211679,10
875+1G->C,I,86,0,88.0,,33.0,0.3707865168539326,86
G1069R,II,65,45,75.0,,15.0,0.19736842105263158,20
R933G,IV,41,60,67.5,,63.0,0.9197080291970803,19
Q890X,I,100,88,65.5,,35.0,0.5263157894736842,12
M1101R,II,106,100,67.5,,22.0,0.32116788321167883,6
E193K,IV,71,27,67.5,,56.0,0.8175182481751825,44
2942insT,I,98,88,56.5,,50.0,0.8695652173913043,10
G178R,II,98,68,71.0,3.4,38.0,0.5277777777777778,30
CFTRdele16-17b,I,95,83,67.5,,54.0,0.7883211678832117,12
2869insG,I,100,90,66.0,,33.0,0.4925373134328358,10
Y275X,I,100,89,67.5,,50.0,0.7299270072992701,11
R1283M,IV,76,83,67.5,,33.0,0.48175182481751827,7
E92K,II,97,54,55.0,0.3,33.0,0.5892857142857143,43
S466X;R1070Q,,100,89,59.5,,44.0,0.7272727272727273,11
3056delGA,I,57,83,67.5,,33.0,0.48175182481751827,26
Y122X,I,102,98,67.5,,61.0,0.8905109489051095,4
W1145X,I,102,86,67.5,,57.0,0.8321167883211679,16
1461ins4,I,102,97,61.5,,50.0,0.8,5
1717-2A->G,I,95,50,62.5,,33.0,0.5196850393700787,45
2957delT,I,100,100,66.5,,54.0,0.8,0
S489X,I,101,95,62.5,,66.0,1.0393700787401574,6
W882X,I,119,100,67.5,,33.0,0.48175182481751827,19
1154insTC,I,100,94,61.0,,50.0,0.8064516129032258,6
"CFTRdele19,20",I,93,92,67.5,,8.0,0.11678832116788321,1
3849G->A,V,96,63,61.5,,46.0,0.736,33
1213delT,I,96,78,68.5,,50.0,0.7194244604316546,18
711+3A->G,I,68,24,69.5,,35.0,0.49645390070921985,44
5T;TG12,V,57,14,83.5,,9.0,0.10650887573964497,43
V232D,II,84,20,71.5,5.56,21.0,0.2896551724137931,64
G542X,I,98,86,64.0,,47.0,0.7230769230769231,12
1898+1G->A,I,100,90,64.5,,54.0,0.8244274809160306,10
1215delG,I,108,100,67.5,,38.0,0.5547445255474452,8
W1310X,I,88,96,46.0,,36.0,0.7659574468085106,8
S1159P,III,80,33,69.0,,57.0,0.8142857142857143,47
V201M,IV,52,17,67.5,,29.0,0.4233576642335766,35
3154delG,I,100,80,67.5,,75.0,1.094890510948905,20
4326delTC,I,100,94,62.0,,45.0,0.7142857142857143,6
1782delA,I,115,100,67.5,,57.0,0.8321167883211679,15
R117G,IV,50,10,93.0,,0.0,0.0,40
H1054D,IV,89,59,71.0,,50.0,0.6944444444444444,30
Q1476X,I,62,18,93.0,,4.0,0.0425531914893617,44
297-1G->A,I,81,80,94.5,,60.0,0.6282722513089005,1
W1089X,I,94,82,68.5,,51.0,0.7338129496402878,12
S4X,I,98,94,61.5,,81.0,1.296,4
3121-1G->A,I,100,89,75.5,,47.0,0.6143790849673203,11
1811+1G->C,I,105,100,67.5,,30.0,0.43795620437956206,5
297-3C->T,I,91,71,67.5,,50.0,0.7299270072992701,20
CFTRdele15,I,97,67,67.5,,50.0,0.7299270072992701,30
1811+1G->A,I,101,100,67.5,,44.0,0.6423357664233577,1
991del5,I,99,89,82.0,,54.0,0.6506024096385542,10
CFTRdele4-7,I,105,80,67.5,,88.0,1.2846715328467153,25
Q414X,I,108,100,93.5,,53.0,0.5608465608465608,8
CFTRdele4-8,I,117,100,67.5,,40.0,0.583941605839416,17
G1244E,III,96,84,63.0,0.3,38.0,0.59375,12
R334L,IV,73,10,79.5,,14.0,0.17391304347826086,63
"CFTRdele13,14a",I,106,75,67.5,,25.0,0.36496350364963503,31
S1206X,I,75,75,67.5,,0.0,0.0,0
4005+1G->A,I,90,96,72.0,,56.0,0.7671232876712328,6
CFTRdup10-12,,96,86,59.0,,86.0,1.4333333333333333,10
2991del32,I,103,93,75.5,,38.0,0.49673202614379086,10
G1061R,II,91,73,59.5,0.3,50.0,0.8264462809917356,18
3272-26A->G,V,94,34,71.0,,38.0,0.5277777777777778,60
E92X,I,98,97,71.0,,46.0,0.6388888888888888,1
F312del,II,88,20,83.0,,9.0,0.10714285714285714,68
1524+1G->A,I,89,89,67.5,,38.0,0.5547445255474452,0
G622D,II,57,40,67.5,18.1953,0.0,0.0,17
R117L,IV,73,18,68.5,10.22,31.0,0.4460431654676259,55
2184delA,I,98,88,61.0,,54.0,0.8709677419354839,10
296+1G->T,I,100,93,67.5,,54.0,0.7883211678832117,7
4428insGA,I,104,36,67.5,,0.0,0.0,68
CFTR50kbdel,I,108,78,67.5,,11.0,0.16058394160583941,30
C276X,I,108,76,62.0,,33.0,0.5238095238095238,32
977insA,I,95,100,65.5,,75.0,1.1278195488721805,5
W57G,II,92,70,67.5,,43.0,0.6277372262773723,22
L101X,I,97,83,67.5,,17.0,0.24817518248175183,14
Q1042X,I,104,88,67.5,,63.0,0.9197080291970803,16
S977F,IV,61,18,80.0,,29.0,0.35802469135802467,43
Q1412X,I,101,100,67.5,,67.0,0.9781021897810219,1
P205S,IV,85,38,64.0,,44.0,0.676923076923077,47
3850-1G->A,I,102,94,67.5,,64.0,0.9343065693430657,8
R1070W,II,44,43,81.5,,15.0,0.18181818181818182,1
L218X,I,96,90,62.5,,70.0,1.1023622047244095,6
1717-1G->A,I,98,88,65.0,,47.0,0.7121212121212122,10
F191V,IV,57,33,67.5,,14.0,0.20437956204379562,24
E1104X,I,100,96,88.5,,67.0,0.7486033519553073,4
E822X,I,106,85,62.0,,45.0,0.7142857142857143,21
875+1G->A,I,85,29,58.0,,63.0,1.0677966101694916,56
1342-2A->C,I,85,64,92.0,,29.0,0.3118279569892473,21
Q1330X,I,96,100,67.5,,40.0,0.583941605839416,4
1138insG,I,104,97,71.0,,56.0,0.7777777777777778,7
296+28A->G,V,64,75,67.5,,25.0,0.36496350364963503,11
4010del4,I,116,92,67.5,,58.0,0.8467153284671532,24
L1077P,II,99,80,71.0,0.1,38.0,0.5277777777777778,19
S1196X,I,95,84,70.0,,30.0,0.4225352112676056,11
1898+2T->C,I,92,83,50.5,,36.0,0.6990291262135923,9
T1036N,IV,92,65,81.5,,25.0,0.30303030303030304,27
852del22,I,97,79,68.0,,43.0,0.6231884057971014,18
L1324P,II,91,83,67.5,,50.0,0.7299270072992701,8
L927P,II,105,93,64.5,0.1,36.0,0.549618320610687,12
N1303K,II,99,86,67.0,1.3,44.0,0.6470588235294118,13
442delA,I,104,89,67.5,,67.0,0.9781021897810219,15
2622+1G->A,I,99,91,67.5,,51.0,0.7445255474452555,8
1898+5G->T,I,96,31,85.0,,53.0,0.6162790697674418,65
R851X,I,98,83,71.0,,41.0,0.5694444444444444,15
W1098C,II,98,43,67.5,,67.0,0.9781021897810219,55
S13F,IV,91,60,67.5,,33.0,0.48175182481751827,31
M1V,I,102,77,70.0,0.4,34.0,0.4788732394366197,25
2055del9->A,I,95,90,73.5,,38.0,0.5100671140939598,5
Q2X;R3W,,104,100,67.5,,83.0,1.2116788321167884,4
1248+1G->A,I,98,87,54.5,,51.0,0.918918918918919,11
185+1G->T,I,110,94,76.0,,33.0,0.42857142857142855,16
300delA,I,103,82,67.5,,67.0,0.9781021897810219,21
2176insC,I,91,89,67.5,,22.0,0.32116788321167883,2
CFTRdele21,I,102,100,67.5,,17.0,0.24817518248175183,2
Y1014C,IV,58,0,78.0,,10.0,0.12658227848101267,58
Y569D,IV,101,95,65.5,,51.0,0.7669172932330827,6
R1158X,I,97,86,66.5,,46.0,0.6814814814814815,11
I507del,II,96,85,66.5,0.2,49.0,0.725925925925926,11
CFTRdup22,,84,22,91.0,,0.0,0.0,62
3849+5G->A,V,101,73,64.5,,27.0,0.4122137404580153,28
3171insC,I,116,67,67.5,,43.0,0.6277372262773723,49
5T,V,57,26,77.0,,14.0,0.1794871794871795,31
S434X,I,95,91,79.0,,42.0,0.525,4
S1159F,III,85,63,63.0,,50.0,0.78125,22
I1234V,IV,95,53,70.0,,50.0,0.704225352112676,42
G91R,IV,104,100,67.5,,80.0,1.167883211678832,4
R709X,I,98,87,62.5,,51.0,0.8031496062992126,11
CFTRdele18,I,84,100,48.5,,44.0,0.8888888888888888,16
1874insT,I,107,100,67.5,,0.0,0.0,7
D579G,II,76,34,69.5,10.5,33.0,0.46808510638297873,42
A455E,IV,81,37,71.5,6.3,41.0,0.5655172413793104,44
G970D,II,98,38,72.0,,58.0,0.7945205479452054,60
712-1G->T,I,94,83,67.5,,37.0,0.5401459854014599,11
1601delT,I,97,100,67.5,,67.0,0.9781021897810219,3
4209TGTT->AA,I,101,96,61.0,,49.0,0.7903225806451613,5
Y1092X,I,101,90,64.5,,54.0,0.8244274809160306,11
2105-2117del13insAGAAA,I,98,91,75.5,,51.0,0.6666666666666666,7
3791delC,I,96,90,71.5,,52.0,0.7172413793103448,6
Q220X,I,101,93,62.0,,45.0,0.7142857142857143,8
CFTRdele11,I,101,89,67.5,,25.0,0.36496350364963503,12
c.2556dupT,I,100,67,67.5,,45.56643356643357,0.6652034097289572,33
CFTRdele19,I,90,73,67.5,,78.0,1.1386861313868613,17
E664X,I,99,50,67.5,,50.0,0.7299270072992701,49
R1070Q,IV,86,79,75.5,,36.0,0.47058823529411764,7
4279insA,I,104,100,67.5,,50.0,0.7299270072992701,4
I336K,II,101,27,71.5,2.43913,30.0,0.41379310344827586,74
D513G,IV,69,10,67.5,4.840127,20.0,0.291970802919708,59
1717-8G->A,I,99,84,59.5,,52.0,0.859504132231405,15
E588V,IV,87,50,67.5,27.516717,17.0,0.24817518248175183,37
3121-2A->G,I,97,94,59.5,,28.0,0.4628099173553719,3
1367del5,I,103,100,61.0,,41.0,0.6612903225806451,3
1497delGG,I,103,81,47.0,,62.0,1.2916666666666667,22
G970R,II,103,79,79.5,,42.0,0.5217391304347826,24
457TAT->G,,88,65,61.5,,30.0,0.48,23
R117H;7T,IV,43,11,79.0,,9.0,0.1125,32
F1052V,II,45,21,82.0,,8.0,0.0963855421686747,24
Q98R,IV,74,27,61.5,5.42606,53.0,0.848,47
CFTRdup6b-10,,103,100,61.5,,34.0,0.544,3
Y362X,I,92,100,67.5,,0.0,0.0,8
W1098R,II,97,73,67.5,,33.0,0.48175182481751827,24
